Title,Price,Availability
The Most Perfect Thing: Inside (and Outside) a Bird's Egg,Rs.42.96,In stock
Immunity: How Elie Metchnikoff Changed the Course of Modern Medicine,Rs.57.36,In stock
Sorting the Beef from the Bull: The Science of Food Fraud Forensics,Rs.44.74,In stock
Tipping Point for Planet Earth: How Close Are We to the Edge?,Rs.37.55,In stock
"The Fabric of the Cosmos: Space, Time, and the Texture of Reality",Rs.55.91,In stock
Diary of a Citizen Scientist: Chasing Tiger Beetles and Other New Ways of Engaging the World,Rs.28.41,In stock
The Origin of Species,Rs.10.01,In stock
The Grand Design,Rs.13.76,In stock
Peak: Secrets from the New Science of Expertise,Rs.16.28,In stock
"The Elegant Universe: Superstrings, Hidden Dimensions, and the Quest for the Ultimate Theory",Rs.13.03,In stock
"The Disappearing Spoon: And Other True Tales of Madness, Love, and the History of the World from the Periodic Table of the Elements",Rs.57.35,In stock
"Surely You're Joking, Mr. Feynman!: Adventures of a Curious Character",Rs.25.83,In stock
Seven Brief Lessons on Physics,Rs.30.60,In stock
The Selfish Gene,Rs.29.45,In stock
